{"cameraMode":{"drawMode":0,"name":"Shaded","section":"Shading Mode"},"sceneLighting":false,"audioPlay":false,"sceneViewState":{"showFog":true,"showMaterialUpdate":true,"showSkybox":true,"showFlares":true,"showImageEffects":true,"showParticleSystems":true},"in2DMode":false,"pivot":{"x":653.7711181640625,"y":346.8680114746094,"z":-451.96875},"rotation":{"x":0.053947996348142627,"y":-0.033841606229543689,"z":0.001832454465329647,"w":0.9979684948921204},"size":22.989999771118165,"orthographic":true}