{"cameraMode":{"drawMode":0,"name":"Shaded","section":"Shading Mode"},"sceneLighting":false,"audioPlay":false,"sceneViewState":{"showFog":true,"showMaterialUpdate":false,"showSkybox":true,"showFlares":true,"showImageEffects":true,"showParticleSystems":true},"in2DMode":false,"pivot":{"x":4.999999046325684,"y":0.24999022483825684,"z":-14.999999046325684},"rotation":{"x":-0.18514004349708558,"y":0.6969621181488037,"z":-0.19401676952838899,"w":-0.6650748252868652},"size":70.00843048095703,"orthographic":false}