{"cameraMode":{"drawMode":0,"name":"Shaded","section":"Shading Mode"},"sceneLighting":false,"audioPlay":false,"sceneViewState":{"showFog":true,"showMaterialUpdate":true,"showSkybox":true,"showFlares":true,"showImageEffects":true,"showParticleSystems":true},"in2DMode":false,"pivot":{"x":-79.86949157714844,"y":-50.33354568481445,"z":13.330626487731934},"rotation":{"x":0.053947996348142627,"y":-0.033841606229543689,"z":0.001832454465329647,"w":0.9979684948921204},"size":82.853271484375,"orthographic":true}