{"cameraMode":{"drawMode":0,"name":"Shaded","section":"Shading Mode"},"sceneLighting":false,"audioPlay":false,"sceneViewState":{"showFog":true,"showMaterialUpdate":false,"showSkybox":true,"showFlares":true,"showImageEffects":true,"showParticleSystems":true},"in2DMode":false,"pivot":{"x":-0.022548556327819825,"y":0.9794532060623169,"z":-1.00107741355896},"rotation":{"x":-0.17849010229110719,"y":0.41501525044441225,"z":-0.08339767903089524,"w":-0.8882277607917786},"size":7.4749298095703129,"orthographic":false}