{"cameraMode":{"drawMode":0,"name":"Shaded","section":"Shading Mode"},"sceneLighting":false,"audioPlay":false,"sceneViewState":{"showFog":true,"showMaterialUpdate":false,"showSkybox":true,"showFlares":true,"showImageEffects":true,"showParticleSystems":true},"in2DMode":false,"pivot":{"x":-0.025888681411743165,"y":2.1088829040527345,"z":3.216350555419922},"rotation":{"x":0.462546169757843,"y":-0.009868591092526913,"z":0.005148793570697308,"w":0.8865253329277039},"size":24.241405487060548,"orthographic":false}