{"cameraMode":{"drawMode":0,"name":"Shaded","section":"Shading Mode"},"sceneLighting":false,"audioPlay":false,"sceneViewState":{"showFog":true,"showMaterialUpdate":false,"showSkybox":true,"showFlares":true,"showImageEffects":true,"showParticleSystems":true},"in2DMode":false,"pivot":{"x":13.4677734375,"y":1.572450876235962,"z":29.998817443847658},"rotation":{"x":-0.10304079204797745,"y":0.6666825413703919,"z":-0.09382069110870362,"w":-0.7321985363960266},"size":41.25614929199219,"orthographic":false}