{"cameraMode":{"drawMode":0,"name":"Shaded","section":"Shading Mode"},"sceneLighting":false,"audioPlay":false,"sceneViewState":{"showFog":true,"showMaterialUpdate":false,"showSkybox":true,"showFlares":true,"showImageEffects":true,"showParticleSystems":true},"in2DMode":false,"pivot":{"x":-0.17843951284885407,"y":5.9180989265441898,"z":-0.14471067488193513},"rotation":{"x":0.2746816575527191,"y":-0.30768293142318728,"z":0.09326400607824326,"w":0.9061915278434753},"size":19.698833465576173,"orthographic":false}